,Hobby,Country,Student,FormalEducation,UndergradMajor,DevType,YearsCoding,HoursComputer,Exercise,Gender,SexualOrientation,EducationParents,RaceEthnicity,Dependents,Continent,Age,ConvertedSalary,HDI,GDP,GINI
0,Yes,United Kingdom,No,"Bachelor’s degree (BA, BS, B.Eng., etc.)","A natural science (ex. biology, chemistry, physics)",Database administrator,30 or more years,5 - 8 hours,Daily or almost every day,Male,Straight or heterosexual,"Bachelor’s degree (BA, BS, B.Eng., etc.)",White or of European descent,Yes,EU,35 - 44 years old,70841,High,Medium,Medium
2,Yes,United Kingdom,No,"Bachelor’s degree (BA, BS, B.Eng., etc.)","Computer science, computer engineering, or software engineering",Back-end developer,6-8 years,9 - 12 hours,1 - 2 times per week,Male,Straight or heterosexual,"Secondary school (e.g. American high school, German Realschule or Gymnasium, etc.)",White or of European descent,No,EU,18 - 24 years old,41671,High,Medium,Medium
3,Yes,United States,No,Some college/university study without earning a degree,"Computer science, computer engineering, or software engineering",Back-end developer,9-11 years,Over 12 hours,I don't typically exercise,Male,Straight or heterosexual,"Master’s degree (MA, MS, M.Eng., MBA, etc.)",White or of European descent,No,North America,18 - 24 years old,120000,High,High,High
4,Yes,United States,No,Some college/university study without earning a degree,"Fine arts or performing arts (ex. graphic design, music, studio art)",Back-end developer,30 or more years,9 - 12 hours,I don't typically exercise,Male,Straight or heterosexual,Some college/university study without earning a degree,White or of European descent,Yes,North America,35 - 44 years old,250000,High,High,High
5,No,Netherlands,"Yes, full-time","Secondary school (e.g. American high school, German Realschule or Gymnasium, etc.)","Computer science, computer engineering, or software engineering",Back-end developer,0-2 years,9 - 12 hours,Daily or almost every day,Male,Straight or heterosexual,Associate degree,White or of European descent,No,EU,18 - 24 years old,0,High,Medium,Low
6,Yes,Sweden,No,"Master’s degree (MA, MS, M.Eng., MBA, etc.)","A business discipline (ex. accounting, finance, marketing)",Back-end developer,6-8 years,9 - 12 hours,3 - 4 times per week,Male,Straight or heterosexual,"Bachelor’s degree (BA, BS, B.Eng., etc.)",White or of European descent,Yes,EU,35 - 44 years old,47904,High,Medium,Low
7,Yes,Australia,No,"Bachelor’s degree (BA, BS, B.Eng., etc.)","Another engineering discipline (ex. civil, electrical, mechanical)",Database administrator,15-17 years,9 - 12 hours,3 - 4 times per week,Male,Straight or heterosexual,"Bachelor’s degree (BA, BS, B.Eng., etc.)",White or of European descent,Yes,OC,35 - 44 years old,95968,High,Medium,Medium
8,No,United Kingdom,No,"Bachelor’s degree (BA, BS, B.Eng., etc.)","Computer science, computer engineering, or software engineering",Back-end developer,9-11 years,5 - 8 hours,Daily or almost every day,Male,Straight or heterosexual,"Bachelor’s degree (BA, BS, B.Eng., etc.)",White or of European descent,No,EU,25 - 34 years old,420,High,Medium,Medium
9,Yes,United States,No,Some college/university study without earning a degree,"Information systems, information technology, or system administration",Back-end developer,18-20 years,5 - 8 hours,I don't typically exercise,Non-Male,Straight or heterosexual,They never completed any formal education,White or of European descent,Yes,North America,45 - 54 years old,75000,High,High,High
10,Yes,India,No,"Master’s degree (MA, MS, M.Eng., MBA, etc.)","Computer science, computer engineering, or software engineering",Mobile developer,3-5 years,9 - 12 hours,Daily or almost every day,Non-Male,Straight or heterosexual,"Bachelor’s degree (BA, BS, B.Eng., etc.)",White or of European descent,No,AS,25 - 34 years old,10958,Medium,Low,High
12,Yes,Sweden,No,"Master’s degree (MA, MS, M.Eng., MBA, etc.)","Computer science, computer engineering, or software engineering",Front-end developer,12-14 years,5 - 8 hours,1 - 2 times per week,Male,Straight or heterosexual,"Secondary school (e.g. American high school, German Realschule or Gymnasium, etc.)",Hispanic or Latino/Latina,Yes,EU,25 - 34 years old,72611,High,Medium,Low
13,No,United States,No,"Bachelor’s degree (BA, BS, B.Eng., etc.)","A social science (ex. anthropology, psychology, political science)",Back-end developer,3-5 years,5 - 8 hours,I don't typically exercise,Male,Straight or heterosexual,"Master’s degree (MA, MS, M.Eng., MBA, etc.)",White or of European descent,No,North America,25 - 34 years old,900000,High,High,High
14,No,Poland,No,Some college/university study without earning a degree,"Computer science, computer engineering, or software engineering",Back-end developer,3-5 years,9 - 12 hours,I don't typically exercise,Male,Straight or heterosexual,"Master’s degree (MA, MS, M.Eng., MBA, etc.)",White or of European descent,No,EU,25 - 34 years old,30000,Medium,Low,Medium
15,Yes,United States,No,"Bachelor’s degree (BA, BS, B.Eng., etc.)",Web development or web design,Back-end developer,6-8 years,5 - 8 hours,Daily or almost every day,Non-Male,Straight or heterosexual,Associate degree,White or of European descent,No,North America,18 - 24 years old,44000,High,High,High
16,No,United States,No,"Bachelor’s degree (BA, BS, B.Eng., etc.)","Computer science, computer engineering, or software engineering",Full-stack developer,3-5 years,9 - 12 hours,I don't typically exercise,Non-Male,Straight or heterosexual,"Secondary school (e.g. American high school, German Realschule or Gymnasium, etc.)",White or of European descent,No,North America,25 - 34 years old,60000,High,High,High
17,Yes,United States,No,"Bachelor’s degree (BA, BS, B.Eng., etc.)","Computer science, computer engineering, or software engineering",Back-end developer,12-14 years,5 - 8 hours,Daily or almost every day,Male,Straight or heterosexual,"Master’s degree (MA, MS, M.Eng., MBA, etc.)",White or of European descent,Yes,North America,25 - 34 years old,80000,High,High,High
18,Yes,India,No,Some college/university study without earning a degree,"Another engineering discipline (ex. civil, electrical, mechanical)",Designer,0-2 years,9 - 12 hours,I don't typically exercise,Male,Straight or heterosexual,"Bachelor’s degree (BA, BS, B.Eng., etc.)",South Asian,Yes,AS,35 - 44 years old,123984,Medium,Low,High
19,No,Russian Federation,No,Some college/university study without earning a degree,"Computer science, computer engineering, or software engineering",Full-stack developer,24-26 years,1 - 4 hours,I don't typically exercise,Non-Male,Straight or heterosexual,"Other doctoral degree (Ph.D, Ed.D., etc.)",White or of European descent,Yes,EU,35 - 44 years old,21228,Medium,Low,High
20,Yes,United States,No,"Bachelor’s degree (BA, BS, B.Eng., etc.)","Another engineering discipline (ex. civil, electrical, mechanical)",Back-end developer,9-11 years,9 - 12 hours,I don't typically exercise,Male,Straight or heterosexual,"Other doctoral degree (Ph.D, Ed.D., etc.)",White or of European descent,No,North America,25 - 34 years old,74000,High,High,High
21,Yes,India,No,"Master’s degree (MA, MS, M.Eng., MBA, etc.)","Computer science, computer engineering, or software engineering",Back-end developer,3-5 years,9 - 12 hours,Daily or almost every day,Male,Straight or heterosexual,"Master’s degree (MA, MS, M.Eng., MBA, etc.)",South Asian,Yes,AS,25 - 34 years old,6576,Medium,Low,High
22,Yes,United States,No,"Master’s degree (MA, MS, M.Eng., MBA, etc.)","Computer science, computer engineering, or software engineering",Back-end developer,15-17 years,9 - 12 hours,3 - 4 times per week,Male,Straight or heterosexual,"Bachelor’s degree (BA, BS, B.Eng., etc.)",White or of European descent,No,North America,25 - 34 years old,115000,High,High,High
23,Yes,United States,No,"Master’s degree (MA, MS, M.Eng., MBA, etc.)","Another engineering discipline (ex. civil, electrical, mechanical)",Back-end developer,3-5 years,1 - 4 hours,3 - 4 times per week,Male,Straight or heterosexual,"Master’s degree (MA, MS, M.Eng., MBA, etc.)",White or of European descent,No,North America,35 - 44 years old,70000,High,High,High
24,Yes,United States,No,Associate degree,"Computer science, computer engineering, or software engineering",Back-end developer,15-17 years,9 - 12 hours,Daily or almost every day,Non-Male,Bisexual or Queer,"Bachelor’s degree (BA, BS, B.Eng., etc.)",White or of European descent,No,North America,25 - 34 years old,90000,High,High,High
25,Yes,United States,No,"Bachelor’s degree (BA, BS, B.Eng., etc.)","Computer science, computer engineering, or software engineering",Back-end developer,18-20 years,9 - 12 hours,1 - 2 times per week,Male,Straight or heterosexual,"Secondary school (e.g. American high school, German Realschule or Gymnasium, etc.)",White or of European descent,Yes,North America,35 - 44 years old,115000,High,High,High
26,No,Germany,No,Some college/university study without earning a degree,"Computer science, computer engineering, or software engineering",Back-end developer,9-11 years,5 - 8 hours,I don't typically exercise,Male,Straight or heterosexual,"Secondary school (e.g. American high school, German Realschule or Gymnasium, etc.)",White or of European descent,Yes,EU,35 - 44 years old,73428,High,Medium,Medium
28,Yes,France,"Yes, part-time","Bachelor’s degree (BA, BS, B.Eng., etc.)","Computer science, computer engineering, or software engineering",Back-end developer,9-11 years,Over 12 hours,I don't typically exercise,Male,Straight or heterosexual,"Bachelor’s degree (BA, BS, B.Eng., etc.)",White or of European descent,No,EU,18 - 24 years old,13212,High,Medium,Medium
29,Yes,United States,No,"Master’s degree (MA, MS, M.Eng., MBA, etc.)","Computer science, computer engineering, or software engineering",Back-end developer,12-14 years,9 - 12 hours,Daily or almost every day,Male,Straight or heterosexual,"Professional degree (JD, MD, etc.)",White or of European descent,No,North America,25 - 34 years old,120000,High,High,High
30,Yes,Germany,No,"Bachelor’s degree (BA, BS, B.Eng., etc.)","Computer science, computer engineering, or software engineering",Full-stack developer,6-8 years,9 - 12 hours,1 - 2 times per week,Male,Straight or heterosexual,"Secondary school (e.g. American high school, German Realschule or Gymnasium, etc.)",White or of European descent,No,EU,18 - 24 years old,48955,High,Medium,Medium
33,Yes,United States,No,"Bachelor’s degree (BA, BS, B.Eng., etc.)","A humanities discipline (ex. literature, history, philosophy)",Back-end developer,0-2 years,9 - 12 hours,1 - 2 times per week,Male,Straight or heterosexual,"Bachelor’s degree (BA, BS, B.Eng., etc.)",White or of European descent,No,North America,25 - 34 years old,36000,High,High,High
35,Yes,United Kingdom,No,"Bachelor’s degree (BA, BS, B.Eng., etc.)","Computer science, computer engineering, or software engineering",Back-end developer,15-17 years,Over 12 hours,1 - 2 times per week,Male,Straight or heterosexual,"Bachelor’s degree (BA, BS, B.Eng., etc.)",White or of European descent,No,EU,25 - 34 years old,45144,High,Medium,Medium
37,Yes,France,No,"Master’s degree (MA, MS, M.Eng., MBA, etc.)","A natural science (ex. biology, chemistry, physics)",Embedded applications or devices developer,15-17 years,9 - 12 hours,Daily or almost every day,Male,Straight or heterosexual,"Secondary school (e.g. American high school, German Realschule or Gymnasium, etc.)",White or of European descent,Yes,EU,35 - 44 years old,52627,High,Medium,Medium
38,Yes,United Kingdom,No,"Master’s degree (MA, MS, M.Eng., MBA, etc.)",Mathematics or statistics,Back-end developer,24-26 years,9 - 12 hours,1 - 2 times per week,Male,Straight or heterosexual,"Bachelor’s degree (BA, BS, B.Eng., etc.)",White or of European descent,Yes,EU,25 - 34 years old,82648,High,Medium,Medium
39,Yes,United States,No,"Bachelor’s degree (BA, BS, B.Eng., etc.)","Computer science, computer engineering, or software engineering",Front-end developer,9-11 years,Over 12 hours,Daily or almost every day,Male,Straight or heterosexual,"Bachelor’s degree (BA, BS, B.Eng., etc.)",White or of European descent,No,North America,25 - 34 years old,78000,High,High,High
40,Yes,United States,"Yes, full-time",Some college/university study without earning a degree,"Computer science, computer engineering, or software engineering",Back-end developer,6-8 years,9 - 12 hours,3 - 4 times per week,Male,Straight or heterosexual,"Other doctoral degree (Ph.D, Ed.D., etc.)",East Asian,No,North America,18 - 24 years old,120000,High,High,High
41,No,Russian Federation,No,Some college/university study without earning a degree,"A business discipline (ex. accounting, finance, marketing)",Back-end developer,3-5 years,Over 12 hours,I don't typically exercise,Male,Straight or heterosexual,Associate degree,White or of European descent,No,EU,25 - 34 years old,42456,Medium,Low,High
42,No,Poland,No,"Master’s degree (MA, MS, M.Eng., MBA, etc.)","Computer science, computer engineering, or software engineering",Back-end developer,6-8 years,9 - 12 hours,3 - 4 times per week,Male,Straight or heterosexual,"Secondary school (e.g. American high school, German Realschule or Gymnasium, etc.)",White or of European descent,No,EU,25 - 34 years old,30000,Medium,Low,Medium
44,Yes,India,No,"Master’s degree (MA, MS, M.Eng., MBA, etc.)","Computer science, computer engineering, or software engineering",Engineering manager,6-8 years,5 - 8 hours,I don't typically exercise,Male,Straight or heterosexual,Primary/elementary school,South Asian,No,AS,25 - 34 years old,34440,Medium,Low,High
45,Yes,India,No,"Bachelor’s degree (BA, BS, B.Eng., etc.)","Computer science, computer engineering, or software engineering",Back-end developer,0-2 years,5 - 8 hours,Daily or almost every day,Male,Straight or heterosexual,"Bachelor’s degree (BA, BS, B.Eng., etc.)",South Asian,Yes,AS,18 - 24 years old,4128,Medium,Low,High
46,Yes,United States,No,"Bachelor’s degree (BA, BS, B.Eng., etc.)","A social science (ex. anthropology, psychology, political science)",Front-end developer,6-8 years,5 - 8 hours,Daily or almost every day,Male,Straight or heterosexual,Associate degree,White or of European descent,No,North America,25 - 34 years old,141625,High,High,High
47,Yes,United Kingdom,No,"Master’s degree (MA, MS, M.Eng., MBA, etc.)","Computer science, computer engineering, or software engineering",Designer,12-14 years,5 - 8 hours,3 - 4 times per week,Male,Straight or heterosexual,"Bachelor’s degree (BA, BS, B.Eng., etc.)",White or of European descent,Yes,EU,25 - 34 years old,71095,High,Medium,Medium
48,No,Germany,No,Some college/university study without earning a degree,"Computer science, computer engineering, or software engineering",Back-end developer,6-8 years,9 - 12 hours,I don't typically exercise,Male,Straight or heterosexual,"Master’s degree (MA, MS, M.Eng., MBA, etc.)",White or of European descent,No,EU,25 - 34 years old,35244,High,Medium,Medium
49,No,India,No,"Master’s degree (MA, MS, M.Eng., MBA, etc.)","Another engineering discipline (ex. civil, electrical, mechanical)",Embedded applications or devices developer,3-5 years,9 - 12 hours,1 - 2 times per week,Male,Straight or heterosexual,"Bachelor’s degree (BA, BS, B.Eng., etc.)",South Asian,No,AS,25 - 34 years old,4696,Medium,Low,High
50,Yes,United States,No,"Bachelor’s degree (BA, BS, B.Eng., etc.)","Computer science, computer engineering, or software engineering",Back-end developer,9-11 years,9 - 12 hours,1 - 2 times per week,Male,Straight or heterosexual,"Bachelor’s degree (BA, BS, B.Eng., etc.)",White or of European descent,No,North America,25 - 34 years old,120000,High,High,High
51,Yes,United Kingdom,No,Some college/university study without earning a degree,"Computer science, computer engineering, or software engineering",Back-end developer,21-23 years,9 - 12 hours,3 - 4 times per week,Male,Straight or heterosexual,"Secondary school (e.g. American high school, German Realschule or Gymnasium, etc.)",White or of European descent,No,EU,35 - 44 years old,69452,High,Medium,Medium
52,Yes,United Kingdom,No,"Secondary school (e.g. American high school, German Realschule or Gymnasium, etc.)","Computer science, computer engineering, or software engineering",Designer,3-5 years,9 - 12 hours,I don't typically exercise,Male,Gay or Lesbian,"Master’s degree (MA, MS, M.Eng., MBA, etc.)",White or of European descent,No,EU,25 - 34 years old,63896,High,Medium,Medium
53,Yes,Sweden,No,"Bachelor’s degree (BA, BS, B.Eng., etc.)","Computer science, computer engineering, or software engineering",Front-end developer,3-5 years,9 - 12 hours,3 - 4 times per week,Male,Straight or heterosexual,"Secondary school (e.g. American high school, German Realschule or Gymnasium, etc.)",White or of European descent,No,EU,25 - 34 years old,63628,High,Medium,Low
54,Yes,United States,No,"Bachelor’s degree (BA, BS, B.Eng., etc.)","Computer science, computer engineering, or software engineering",Back-end developer,21-23 years,9 - 12 hours,Daily or almost every day,Male,Straight or heterosexual,"Bachelor’s degree (BA, BS, B.Eng., etc.)",White or of European descent,No,North America,25 - 34 years old,110000,High,High,High
56,Yes,India,"Yes, full-time","Master’s degree (MA, MS, M.Eng., MBA, etc.)","Computer science, computer engineering, or software engineering",Mobile developer,3-5 years,9 - 12 hours,I don't typically exercise,Male,Straight or heterosexual,Primary/elementary school,White or of European descent,No,AS,25 - 34 years old,9768,Medium,Low,High
58,Yes,United Kingdom,No,Some college/university study without earning a degree,"Computer science, computer engineering, or software engineering",Full-stack developer,15-17 years,9 - 12 hours,1 - 2 times per week,Male,Straight or heterosexual,"Secondary school (e.g. American high school, German Realschule or Gymnasium, etc.)",White or of European descent,Yes,EU,25 - 34 years old,916764,High,Medium,Medium
59,Yes,Italy,No,"Bachelor’s degree (BA, BS, B.Eng., etc.)","Computer science, computer engineering, or software engineering",Data scientist or machine learning specialist,9-11 years,9 - 12 hours,I don't typically exercise,Male,Straight or heterosexual,"Master’s degree (MA, MS, M.Eng., MBA, etc.)",White or of European descent,No,EU,25 - 34 years old,30597,High,Medium,Medium
61,No,Turkey,"Yes, full-time","Bachelor’s degree (BA, BS, B.Eng., etc.)","Computer science, computer engineering, or software engineering",Back-end developer,3-5 years,9 - 12 hours,I don't typically exercise,Male,Straight or heterosexual,"Bachelor’s degree (BA, BS, B.Eng., etc.)",Middle Eastern,No,AS,25 - 34 years old,228888,Medium,Low,High
62,Yes,Poland,No,"Master’s degree (MA, MS, M.Eng., MBA, etc.)","Computer science, computer engineering, or software engineering",Back-end developer,3-5 years,Over 12 hours,3 - 4 times per week,Male,Straight or heterosexual,"Secondary school (e.g. American high school, German Realschule or Gymnasium, etc.)",White or of European descent,No,EU,25 - 34 years old,42348,Medium,Low,Medium
64,Yes,India,No,"Bachelor’s degree (BA, BS, B.Eng., etc.)","Computer science, computer engineering, or software engineering",Back-end developer,15-17 years,5 - 8 hours,Daily or almost every day,Male,Straight or heterosexual,"Secondary school (e.g. American high school, German Realschule or Gymnasium, etc.)",Black or of African descent,No,AS,25 - 34 years old,37572,Medium,Low,High
65,Yes,United Kingdom,No,Some college/university study without earning a degree,"Computer science, computer engineering, or software engineering",Back-end developer,6-8 years,9 - 12 hours,I don't typically exercise,Male,Straight or heterosexual,Some college/university study without earning a degree,White or of European descent,No,EU,18 - 24 years old,34726,High,Medium,Medium
66,Yes,Sweden,No,"Master’s degree (MA, MS, M.Eng., MBA, etc.)","Computer science, computer engineering, or software engineering",Back-end developer,6-8 years,9 - 12 hours,3 - 4 times per week,Male,Straight or heterosexual,"Bachelor’s degree (BA, BS, B.Eng., etc.)",White or of European descent,No,EU,25 - 34 years old,55392,High,Medium,Low
67,Yes,India,No,"Bachelor’s degree (BA, BS, B.Eng., etc.)","Computer science, computer engineering, or software engineering",Mobile developer,9-11 years,9 - 12 hours,I don't typically exercise,Male,Straight or heterosexual,"Master’s degree (MA, MS, M.Eng., MBA, etc.)",East Asian,Yes,AS,25 - 34 years old,27708,Medium,Low,High
68,Yes,United States,No,"Bachelor’s degree (BA, BS, B.Eng., etc.)","A social science (ex. anthropology, psychology, political science)",Data scientist or machine learning specialist,9-11 years,9 - 12 hours,I don't typically exercise,Male,Bisexual or Queer,"Other doctoral degree (Ph.D, Ed.D., etc.)",White or of European descent,No,North America,25 - 34 years old,70000,High,High,High
70,Yes,Australia,No,"Master’s degree (MA, MS, M.Eng., MBA, etc.)","Another engineering discipline (ex. civil, electrical, mechanical)",Back-end developer,6-8 years,5 - 8 hours,Daily or almost every day,Male,Straight or heterosexual,"Master’s degree (MA, MS, M.Eng., MBA, etc.)",White or of European descent,No,OC,25 - 34 years old,59980,High,Medium,Medium
71,Yes,Australia,No,"Bachelor’s degree (BA, BS, B.Eng., etc.)","Another engineering discipline (ex. civil, electrical, mechanical)",Embedded applications or devices developer,15-17 years,5 - 8 hours,Daily or almost every day,Male,Straight or heterosexual,"Professional degree (JD, MD, etc.)",White or of European descent,No,OC,25 - 34 years old,91969,High,Medium,Medium
73,Yes,France,"Yes, part-time","Bachelor’s degree (BA, BS, B.Eng., etc.)","Computer science, computer engineering, or software engineering",Back-end developer,6-8 years,5 - 8 hours,1 - 2 times per week,Male,Straight or heterosexual,"Other doctoral degree (Ph.D, Ed.D., etc.)",White or of European descent,No,EU,25 - 34 years old,55075,High,Medium,Medium
74,Yes,Australia,No,Some college/university study without earning a degree,"A business discipline (ex. accounting, finance, marketing)",Back-end developer,30 or more years,9 - 12 hours,Daily or almost every day,Male,Straight or heterosexual,"Bachelor’s degree (BA, BS, B.Eng., etc.)",White or of European descent,Yes,OC,45 - 54 years old,87971,High,Medium,Medium
75,Yes,India,"Yes, full-time","Master’s degree (MA, MS, M.Eng., MBA, etc.)","Computer science, computer engineering, or software engineering",Back-end developer,6-8 years,Over 12 hours,Daily or almost every day,Male,Straight or heterosexual,"Master’s degree (MA, MS, M.Eng., MBA, etc.)",White or of European descent,No,AS,25 - 34 years old,7512,Medium,Low,High
76,No,United States,No,"Bachelor’s degree (BA, BS, B.Eng., etc.)","Computer science, computer engineering, or software engineering",Back-end developer,6-8 years,9 - 12 hours,Daily or almost every day,Male,Straight or heterosexual,Associate degree,White or of European descent,No,North America,25 - 34 years old,105000,High,High,High
77,Yes,United States,No,Associate degree,"Computer science, computer engineering, or software engineering",Mobile developer,6-8 years,9 - 12 hours,1 - 2 times per week,Male,Straight or heterosexual,"Master’s degree (MA, MS, M.Eng., MBA, etc.)",White or of European descent,No,North America,25 - 34 years old,105000,High,High,High
79,Yes,United States,No,"Bachelor’s degree (BA, BS, B.Eng., etc.)","A business discipline (ex. accounting, finance, marketing)",Full-stack developer,15-17 years,Over 12 hours,I don't typically exercise,Male,Gay or Lesbian,"Bachelor’s degree (BA, BS, B.Eng., etc.)",White or of European descent,No,North America,45 - 54 years old,120000,High,High,High
80,Yes,Germany,"Yes, part-time","Secondary school (e.g. American high school, German Realschule or Gymnasium, etc.)","Computer science, computer engineering, or software engineering",Back-end developer,6-8 years,9 - 12 hours,I don't typically exercise,Male,Straight or heterosexual,"Master’s degree (MA, MS, M.Eng., MBA, etc.)",White or of European descent,No,EU,18 - 24 years old,61680,High,Medium,Medium
81,Yes,France,No,"Professional degree (JD, MD, etc.)","Computer science, computer engineering, or software engineering",Back-end developer,9-11 years,9 - 12 hours,I don't typically exercise,Male,Straight or heterosexual,"Secondary school (e.g. American high school, German Realschule or Gymnasium, etc.)",White or of European descent,No,EU,25 - 34 years old,42836,High,Medium,Medium
83,No,France,No,"Master’s degree (MA, MS, M.Eng., MBA, etc.)","Computer science, computer engineering, or software engineering",Back-end developer,12-14 years,9 - 12 hours,I don't typically exercise,Male,Straight or heterosexual,"Secondary school (e.g. American high school, German Realschule or Gymnasium, etc.)",White or of European descent,Yes,EU,25 - 34 years old,64866,High,Medium,Medium
84,Yes,United States,No,Associate degree,"Information systems, information technology, or system administration",Back-end developer,0-2 years,5 - 8 hours,I don't typically exercise,Male,Straight or heterosexual,Some college/university study without earning a degree,White or of European descent,No,North America,18 - 24 years old,77000,High,High,High
85,Yes,Turkey,No,"Master’s degree (MA, MS, M.Eng., MBA, etc.)","A business discipline (ex. accounting, finance, marketing)",Back-end developer,15-17 years,9 - 12 hours,I don't typically exercise,Male,Straight or heterosexual,"Bachelor’s degree (BA, BS, B.Eng., etc.)",White or of European descent,No,AS,18 - 24 years old,36000,Medium,Low,High
86,Yes,United States,No,Some college/university study without earning a degree,"Computer science, computer engineering, or software engineering",Full-stack developer,9-11 years,9 - 12 hours,1 - 2 times per week,Male,Straight or heterosexual,"Bachelor’s degree (BA, BS, B.Eng., etc.)",White or of European descent,No,North America,25 - 34 years old,97000,High,High,High
87,Yes,United Kingdom,No,"Bachelor’s degree (BA, BS, B.Eng., etc.)","Computer science, computer engineering, or software engineering",Back-end developer,9-11 years,9 - 12 hours,1 - 2 times per week,Male,Straight or heterosexual,Some college/university study without earning a degree,White or of European descent,No,EU,25 - 34 years old,45838,High,Medium,Medium
88,Yes,Sweden,No,"Secondary school (e.g. American high school, German Realschule or Gymnasium, etc.)","Computer science, computer engineering, or software engineering",Back-end developer,15-17 years,5 - 8 hours,I don't typically exercise,Male,Straight or heterosexual,Primary/elementary school,White or of European descent,Yes,EU,35 - 44 years old,59880,High,Medium,Low
89,No,Germany,No,"Secondary school (e.g. American high school, German Realschule or Gymnasium, etc.)","Another engineering discipline (ex. civil, electrical, mechanical)",Back-end developer,6-8 years,9 - 12 hours,3 - 4 times per week,Male,Straight or heterosexual,"Secondary school (e.g. American high school, German Realschule or Gymnasium, etc.)",White or of European descent,No,EU,25 - 34 years old,48955,High,Medium,Medium
90,Yes,Brazil,"Yes, part-time","Secondary school (e.g. American high school, German Realschule or Gymnasium, etc.)","Another engineering discipline (ex. civil, electrical, mechanical)",Back-end developer,0-2 years,Over 12 hours,I don't typically exercise,Male,Straight or heterosexual,They never completed any formal education,White or of European descent,No,SA,18 - 24 years old,6732,Low,Low,High
91,Yes,United States,No,"Master’s degree (MA, MS, M.Eng., MBA, etc.)","Another engineering discipline (ex. civil, electrical, mechanical)",Full-stack developer,6-8 years,5 - 8 hours,I don't typically exercise,Male,Straight or heterosexual,"Other doctoral degree (Ph.D, Ed.D., etc.)",White or of European descent,No,North America,25 - 34 years old,125000,High,High,High
92,Yes,Canada,No,"Bachelor’s degree (BA, BS, B.Eng., etc.)","Computer science, computer engineering, or software engineering",Back-end developer,9-11 years,9 - 12 hours,I don't typically exercise,Male,Straight or heterosexual,"Professional degree (JD, MD, etc.)",White or of European descent,No,North America,25 - 34 years old,72469,High,Medium,Medium
94,No,Germany,No,"Secondary school (e.g. American high school, German Realschule or Gymnasium, etc.)","A natural science (ex. biology, chemistry, physics)",Back-end developer,12-14 years,5 - 8 hours,1 - 2 times per week,Male,Straight or heterosexual,Primary/elementary school,White or of European descent,No,EU,25 - 34 years old,39648,High,Medium,Medium
95,Yes,United Kingdom,No,"Bachelor’s degree (BA, BS, B.Eng., etc.)","Computer science, computer engineering, or software engineering",Desktop or enterprise applications developer,9-11 years,9 - 12 hours,I don't typically exercise,Male,Straight or heterosexual,"Secondary school (e.g. American high school, German Realschule or Gymnasium, etc.)",White or of European descent,Yes,EU,25 - 34 years old,62507,High,Medium,Medium
96,Yes,Spain,"Yes, part-time",Some college/university study without earning a degree,"Computer science, computer engineering, or software engineering",Back-end developer,6-8 years,9 - 12 hours,I don't typically exercise,Male,Straight or heterosexual,Primary/elementary school,White or of European descent,No,EU,25 - 34 years old,29373,High,Medium,Medium
97,No,Canada,No,"Bachelor’s degree (BA, BS, B.Eng., etc.)","Information systems, information technology, or system administration",Full-stack developer,18-20 years,5 - 8 hours,3 - 4 times per week,Male,Straight or heterosexual,"Other doctoral degree (Ph.D, Ed.D., etc.)",White or of European descent,Yes,North America,35 - 44 years old,74482,High,Medium,Medium
100,Yes,United States,No,"Bachelor’s degree (BA, BS, B.Eng., etc.)","Computer science, computer engineering, or software engineering",Back-end developer,18-20 years,5 - 8 hours,3 - 4 times per week,Male,Straight or heterosexual,"Other doctoral degree (Ph.D, Ed.D., etc.)",White or of European descent,No,North America,35 - 44 years old,1080000,High,High,High
101,Yes,United Kingdom,"Yes, part-time","Bachelor’s degree (BA, BS, B.Eng., etc.)","Computer science, computer engineering, or software engineering","C-suite executive (CEO, CTO, etc.)",12-14 years,9 - 12 hours,3 - 4 times per week,Male,Straight or heterosexual,"Master’s degree (MA, MS, M.Eng., MBA, etc.)",White or of European descent,Yes,EU,25 - 34 years old,90288,High,Medium,Medium
102,Yes,Germany,No,"Bachelor’s degree (BA, BS, B.Eng., etc.)","Computer science, computer engineering, or software engineering",Back-end developer,15-17 years,9 - 12 hours,I don't typically exercise,Male,Straight or heterosexual,"Bachelor’s degree (BA, BS, B.Eng., etc.)",Hispanic or Latino/Latina,Yes,EU,25 - 34 years old,122388,High,Medium,Medium
104,Yes,Germany,"Yes, full-time","Secondary school (e.g. American high school, German Realschule or Gymnasium, etc.)","Computer science, computer engineering, or software engineering",Embedded applications or devices developer,9-11 years,9 - 12 hours,I don't typically exercise,Male,Straight or heterosexual,"Secondary school (e.g. American high school, German Realschule or Gymnasium, etc.)",White or of European descent,No,EU,25 - 34 years old,11748,High,Medium,Medium
105,No,United States,No,Associate degree,"Computer science, computer engineering, or software engineering",Back-end developer,30 or more years,9 - 12 hours,I don't typically exercise,Male,Straight or heterosexual,Primary/elementary school,White or of European descent,No,North America,55 - 64 years old,100000,High,High,High
106,Yes,United States,No,"Master’s degree (MA, MS, M.Eng., MBA, etc.)","A natural science (ex. biology, chemistry, physics)",Back-end developer,6-8 years,5 - 8 hours,3 - 4 times per week,Male,Straight or heterosexual,"Secondary school (e.g. American high school, German Realschule or Gymnasium, etc.)",Black or of African descent,Yes,North America,35 - 44 years old,60000,High,High,High
107,Yes,Ukraine,No,"Master’s degree (MA, MS, M.Eng., MBA, etc.)","Another engineering discipline (ex. civil, electrical, mechanical)",Mobile developer,3-5 years,9 - 12 hours,I don't typically exercise,Non-Male,Straight or heterosexual,"Other doctoral degree (Ph.D, Ed.D., etc.)",White or of European descent,No,EU,35 - 44 years old,10440,Low,Low,High
109,No,Australia,No,"Bachelor’s degree (BA, BS, B.Eng., etc.)","Computer science, computer engineering, or software engineering",Back-end developer,6-8 years,5 - 8 hours,3 - 4 times per week,Male,Straight or heterosexual,"Bachelor’s degree (BA, BS, B.Eng., etc.)",White or of European descent,Yes,OC,25 - 34 years old,61580,High,Medium,Medium
110,Yes,India,No,"Bachelor’s degree (BA, BS, B.Eng., etc.)","Another engineering discipline (ex. civil, electrical, mechanical)",Data scientist or machine learning specialist,3-5 years,Over 12 hours,1 - 2 times per week,Male,Straight or heterosexual,"Bachelor’s degree (BA, BS, B.Eng., etc.)",East Asian,No,AS,25 - 34 years old,26612,Medium,Low,High
111,Yes,India,No,"Bachelor’s degree (BA, BS, B.Eng., etc.)","Computer science, computer engineering, or software engineering",Front-end developer,3-5 years,9 - 12 hours,Daily or almost every day,Male,Straight or heterosexual,"Bachelor’s degree (BA, BS, B.Eng., etc.)",South Asian,No,AS,25 - 34 years old,18780,Medium,Low,High
112,Yes,United Kingdom,"Yes, full-time",Some college/university study without earning a degree,"A natural science (ex. biology, chemistry, physics)",Back-end developer,0-2 years,5 - 8 hours,1 - 2 times per week,Male,Straight or heterosexual,"Master’s degree (MA, MS, M.Eng., MBA, etc.)",White or of European descent,No,EU,18 - 24 years old,23440,High,Medium,Medium
113,Yes,Italy,No,"Secondary school (e.g. American high school, German Realschule or Gymnasium, etc.)","Information systems, information technology, or system administration",Back-end developer,24-26 years,9 - 12 hours,3 - 4 times per week,Male,Straight or heterosexual,Some college/university study without earning a degree,White or of European descent,No,EU,35 - 44 years old,42836,High,Medium,Medium
114,Yes,India,No,"Master’s degree (MA, MS, M.Eng., MBA, etc.)","Computer science, computer engineering, or software engineering",Mobile developer,3-5 years,9 - 12 hours,I don't typically exercise,Non-Male,Straight or heterosexual,"Professional degree (JD, MD, etc.)",White or of European descent,Yes,AS,25 - 34 years old,3569,Medium,Low,High
115,Yes,United States,No,"Bachelor’s degree (BA, BS, B.Eng., etc.)",Mathematics or statistics,Back-end developer,9-11 years,5 - 8 hours,1 - 2 times per week,Male,Straight or heterosexual,"Master’s degree (MA, MS, M.Eng., MBA, etc.)",White or of European descent,Yes,North America,35 - 44 years old,1140000,High,High,High
116,Yes,India,"Yes, full-time","Bachelor’s degree (BA, BS, B.Eng., etc.)","Computer science, computer engineering, or software engineering",Back-end developer,3-5 years,9 - 12 hours,1 - 2 times per week,Male,Straight or heterosexual,"Secondary school (e.g. American high school, German Realschule or Gymnasium, etc.)",South Asian,Yes,AS,25 - 34 years old,1879,Medium,Low,High
117,Yes,Germany,No,Some college/university study without earning a degree,"Computer science, computer engineering, or software engineering",Back-end developer,12-14 years,9 - 12 hours,I don't typically exercise,Male,Straight or heterosexual,Associate degree,White or of European descent,No,EU,18 - 24 years old,79552,High,Medium,Medium
118,No,India,No,"Bachelor’s degree (BA, BS, B.Eng., etc.)","Computer science, computer engineering, or software engineering",QA or test developer,15-17 years,9 - 12 hours,3 - 4 times per week,Non-Male,Straight or heterosexual,"Bachelor’s degree (BA, BS, B.Eng., etc.)",South Asian,Yes,AS,25 - 34 years old,46963,Medium,Low,High
119,Yes,India,"Yes, full-time","Master’s degree (MA, MS, M.Eng., MBA, etc.)","Computer science, computer engineering, or software engineering",Back-end developer,15-17 years,Over 12 hours,3 - 4 times per week,Male,Straight or heterosexual,"Master’s degree (MA, MS, M.Eng., MBA, etc.)",South Asian,No,AS,25 - 34 years old,8140,Medium,Low,High
